fecha_reporte_web,departamento_nom,ciudad_municipio_nom,id_de_caso
28/7/2021 0:00:00,AMAZONAS,LETICIA,7
28/7/2021 0:00:00,ANTIOQUIA,ABEJORRAL,1
28/7/2021 0:00:00,ANTIOQUIA,AMAGA,5
28/7/2021 0:00:00,ANTIOQUIA,ANGOSTURA,1
28/7/2021 0:00:00,ANTIOQUIA,APARTADO,13
28/7/2021 0:00:00,ANTIOQUIA,ARBOLETES,4
28/7/2021 0:00:00,ANTIOQUIA,BARBOSA,3
28/7/2021 0:00:00,ANTIOQUIA,BELLO,103
28/7/2021 0:00:00,ANTIOQUIA,BETANIA,1
28/7/2021 0:00:00,ANTIOQUIA,BETULIA,2
28/7/2021 0:00:00,ANTIOQUIA,BOLIVAR,5
28/7/2021 0:00:00,ANTIOQUIA,BURITICA,2
28/7/2021 0:00:00,ANTIOQUIA,CALDAS,31
28/7/2021 0:00:00,ANTIOQUIA,CARMEN DE VIBORAL,5
28/7/2021 0:00:00,ANTIOQUIA,CAUCASIA,30
28/7/2021 0:00:00,ANTIOQUIA,CHIGORODO,2
28/7/2021 0:00:00,ANTIOQUIA,COCORNA,1
28/7/2021 0:00:00,ANTIOQUIA,CONCEPCION,5
28/7/2021 0:00:00,ANTIOQUIA,COPACABANA,10
28/7/2021 0:00:00,ANTIOQUIA,DABEIBA,1
28/7/2021 0:00:00,ANTIOQUIA,EL BAGRE,11
28/7/2021 0:00:00,ANTIOQUIA,ENTRERRIOS,10
28/7/2021 0:00:00,ANTIOQUIA,ENVIGADO,27
28/7/2021 0:00:00,ANTIOQUIA,FREDONIA,6
28/7/2021 0:00:00,ANTIOQUIA,FRONTINO,8
28/7/2021 0:00:00,ANTIOQUIA,GIRARDOTA,7
28/7/2021 0:00:00,ANTIOQUIA,GOMEZ PLATA,2
28/7/2021 0:00:00,ANTIOQUIA,GUARNE,2
28/7/2021 0:00:00,ANTIOQUIA,HISPANIA,1
28/7/2021 0:00:00,ANTIOQUIA,ITAGUI,103
28/7/2021 0:00:00,ANTIOQUIA,ITUANGO,1
28/7/2021 0:00:00,ANTIOQUIA,JARDIN,1
28/7/2021 0:00:00,ANTIOQUIA,JERICO,26
28/7/2021 0:00:00,ANTIOQUIA,LA CEJA,8
28/7/2021 0:00:00,ANTIOQUIA,LA ESTRELLA,2
28/7/2021 0:00:00,ANTIOQUIA,LA UNION,4
28/7/2021 0:00:00,ANTIOQUIA,MACEO,1
28/7/2021 0:00:00,ANTIOQUIA,MARINILLA,7
28/7/2021 0:00:00,ANTIOQUIA,MEDELLIN,709
28/7/2021 0:00:00,ANTIOQUIA,MUTATA,3
28/7/2021 0:00:00,ANTIOQUIA,NECOCLI,1
28/7/2021 0:00:00,ANTIOQUIA,PEÑOL,27
28/7/2021 0:00:00,ANTIOQUIA,PUEBLORRICO,1
28/7/2021 0:00:00,ANTIOQUIA,PUERTO BERRIO,23
28/7/2021 0:00:00,ANTIOQUIA,REMEDIOS,7
28/7/2021 0:00:00,ANTIOQUIA,RETIRO,2
28/7/2021 0:00:00,ANTIOQUIA,RIONEGRO,67
28/7/2021 0:00:00,ANTIOQUIA,SABANETA,24
28/7/2021 0:00:00,ANTIOQUIA,SAN FRANCISCO,1
28/7/2021 0:00:00,ANTIOQUIA,SAN JERONIMO,1
28/7/2021 0:00:00,ANTIOQUIA,SAN LUIS,2
28/7/2021 0:00:00,ANTIOQUIA,SAN PEDRO,2
28/7/2021 0:00:00,ANTIOQUIA,SAN PEDRO DE URABA,1
28/7/2021 0:00:00,ANTIOQUIA,SAN RAFAEL,1
28/7/2021 0:00:00,ANTIOQUIA,SAN ROQUE,1
28/7/2021 0:00:00,ANTIOQUIA,SANTA BARBARA,1
28/7/2021 0:00:00,ANTIOQUIA,SANTA FE DE ANTIOQUIA,3
28/7/2021 0:00:00,ANTIOQUIA,SANTA ROSA DE OSOS,5
28/7/2021 0:00:00,ANTIOQUIA,SANTUARIO,9
28/7/2021 0:00:00,ANTIOQUIA,SEGOVIA,7
28/7/2021 0:00:00,ANTIOQUIA,SOPETRAN,1
28/7/2021 0:00:00,ANTIOQUIA,TAMESIS,2
28/7/2021 0:00:00,ANTIOQUIA,TARSO,2
28/7/2021 0:00:00,ANTIOQUIA,TOLEDO,1
28/7/2021 0:00:00,ANTIOQUIA,TURBO,11
28/7/2021 0:00:00,ANTIOQUIA,URRAO,2
28/7/2021 0:00:00,ANTIOQUIA,VENECIA,4
28/7/2021 0:00:00,ANTIOQUIA,YARUMAL,12
28/7/2021 0:00:00,ANTIOQUIA,YOLOMBO,1
28/7/2021 0:00:00,ANTIOQUIA,ZARAGOZA,4
28/7/2021 0:00:00,ARAUCA,ARAUCA,9
28/7/2021 0:00:00,ARAUCA,ARAUQUITA,7
28/7/2021 0:00:00,ARAUCA,CRAVO NORTE,7
28/7/2021 0:00:00,ARAUCA,FORTUL,3
28/7/2021 0:00:00,ARAUCA,PUERTO RONDON,1
28/7/2021 0:00:00,ARAUCA,SARAVENA,9
28/7/2021 0:00:00,ARAUCA,TAME,16
28/7/2021 0:00:00,ATLANTICO,BARANOA,29
28/7/2021 0:00:00,ATLANTICO,CAMPO DE LA CRUZ,5
28/7/2021 0:00:00,ATLANTICO,CANDELARIA,5
28/7/2021 0:00:00,ATLANTICO,GALAPA,5
28/7/2021 0:00:00,ATLANTICO,JUAN DE ACOSTA,4
28/7/2021 0:00:00,ATLANTICO,LURUACO,3
28/7/2021 0:00:00,ATLANTICO,MALAMBO,16
28/7/2021 0:00:00,ATLANTICO,MANATI,2
28/7/2021 0:00:00,ATLANTICO,PALMAR DE VARELA,1
28/7/2021 0:00:00,ATLANTICO,PIOJO,1
28/7/2021 0:00:00,ATLANTICO,POLO NUEVO,2
28/7/2021 0:00:00,ATLANTICO,PONEDERA,2
28/7/2021 0:00:00,ATLANTICO,PUERTO COLOMBIA,10
28/7/2021 0:00:00,ATLANTICO,SABANAGRANDE,7
28/7/2021 0:00:00,ATLANTICO,SABANALARGA,18
28/7/2021 0:00:00,ATLANTICO,SOLEDAD,56
28/7/2021 0:00:00,ATLANTICO,TUBARA,3
28/7/2021 0:00:00,ATLANTICO,USIACURI,4
28/7/2021 0:00:00,BARRANQUILLA,BARRANQUILLA,325
28/7/2021 0:00:00,BOGOTA,BOGOTA,1972
28/7/2021 0:00:00,BOLIVAR,ALTOS DEL ROSARIO,20
28/7/2021 0:00:00,BOLIVAR,ARJONA,3
28/7/2021 0:00:00,BOLIVAR,BARRANCO DE LOBA,1
28/7/2021 0:00:00,BOLIVAR,CICUCO,1
28/7/2021 0:00:00,BOLIVAR,MAGANGUE,48
28/7/2021 0:00:00,BOLIVAR,MOMPOS,12
28/7/2021 0:00:00,BOLIVAR,MONTECRISTO,2
28/7/2021 0:00:00,BOLIVAR,MORALES,1
28/7/2021 0:00:00,BOLIVAR,SAN ESTANISLAO,2
28/7/2021 0:00:00,BOLIVAR,SAN PABLO,16
28/7/2021 0:00:00,BOLIVAR,SANTA ROSA DEL SUR,5
28/7/2021 0:00:00,BOLIVAR,TURBACO,8
28/7/2021 0:00:00,BOYACA,ARCABUCO,1
28/7/2021 0:00:00,BOYACA,BOAVITA,1
28/7/2021 0:00:00,BOYACA,CHIQUINQUIRA,9
28/7/2021 0:00:00,BOYACA,CHISCAS,1
28/7/2021 0:00:00,BOYACA,CUCAITA,1
28/7/2021 0:00:00,BOYACA,DUITAMA,24
28/7/2021 0:00:00,BOYACA,GUATEQUE,1
28/7/2021 0:00:00,BOYACA,LA UVITA,2
28/7/2021 0:00:00,BOYACA,MONIQUIRA,1
28/7/2021 0:00:00,BOYACA,MUZO,1
28/7/2021 0:00:00,BOYACA,NOBSA,1
28/7/2021 0:00:00,BOYACA,OICATA,2
28/7/2021 0:00:00,BOYACA,PAIPA,2
28/7/2021 0:00:00,BOYACA,PUERTO BOYACA,6
28/7/2021 0:00:00,BOYACA,RAMIRIQUI,1
28/7/2021 0:00:00,BOYACA,SAMACA,2
28/7/2021 0:00:00,BOYACA,SAN LUIS DE GACENO,1
28/7/2021 0:00:00,BOYACA,SOATA,7
28/7/2021 0:00:00,BOYACA,SOGAMOSO,45
28/7/2021 0:00:00,BOYACA,SORACA,1
28/7/2021 0:00:00,BOYACA,TIBASOSA,1
28/7/2021 0:00:00,BOYACA,TUNJA,57
28/7/2021 0:00:00,BOYACA,UMBITA,1
28/7/2021 0:00:00,BOYACA,VENTAQUEMADA,1
28/7/2021 0:00:00,BOYACA,VILLA DE LEYVA,1
28/7/2021 0:00:00,CALDAS,ANSERMA,4
28/7/2021 0:00:00,CALDAS,CHINCHINA,7
28/7/2021 0:00:00,CALDAS,LA DORADA,11
28/7/2021 0:00:00,CALDAS,MANIZALES,39
28/7/2021 0:00:00,CALDAS,MANZANARES,5
28/7/2021 0:00:00,CALDAS,MARQUETALIA,3
28/7/2021 0:00:00,CALDAS,NEIRA,2
28/7/2021 0:00:00,CALDAS,NORCASIA,1
28/7/2021 0:00:00,CALDAS,PACORA,65
28/7/2021 0:00:00,CALDAS,SALAMINA,1
28/7/2021 0:00:00,CALDAS,VICTORIA,1
28/7/2021 0:00:00,CALDAS,VILLAMARIA,7
28/7/2021 0:00:00,CALDAS,VITERBO,1
28/7/2021 0:00:00,CAQUETA,CARTAGENA DEL CHAIRA,2
28/7/2021 0:00:00,CAQUETA,CURILLO,1
28/7/2021 0:00:00,CAQUETA,EL DONCELLO,5
28/7/2021 0:00:00,CAQUETA,EL PAUJIL,1
28/7/2021 0:00:00,CAQUETA,FLORENCIA,24
28/7/2021 0:00:00,CAQUETA,SAN VICENTE DEL CAGUAN,2
28/7/2021 0:00:00,CAQUETA,SOLITA,1
28/7/2021 0:00:00,CAQUETA,VALPARAISO,1
28/7/2021 0:00:00,CARTAGENA,CARTAGENA,216
28/7/2021 0:00:00,CASANARE,AGUAZUL,4
28/7/2021 0:00:00,CASANARE,HATO COROZAL,4
28/7/2021 0:00:00,CASANARE,MANI,3
28/7/2021 0:00:00,CASANARE,MONTERREY,8
28/7/2021 0:00:00,CASANARE,PAZ DE ARIPORO,24
28/7/2021 0:00:00,CASANARE,PORE,1
28/7/2021 0:00:00,CASANARE,SAN LUIS DE PALENQUE,18
28/7/2021 0:00:00,CASANARE,TAMARA,2
28/7/2021 0:00:00,CASANARE,TAURAMENA,11
28/7/2021 0:00:00,CASANARE,TRINIDAD,30
28/7/2021 0:00:00,CASANARE,VILLANUEVA,17
28/7/2021 0:00:00,CASANARE,YOPAL,27
28/7/2021 0:00:00,CAUCA,ARGELIA,3
28/7/2021 0:00:00,CAUCA,BOLIVAR,7
28/7/2021 0:00:00,CAUCA,BUENOS AIRES,1
28/7/2021 0:00:00,CAUCA,CALOTO,4
28/7/2021 0:00:00,CAUCA,CORINTO,1
28/7/2021 0:00:00,CAUCA,EL TAMBO,10
28/7/2021 0:00:00,CAUCA,FLORENCIA,3
28/7/2021 0:00:00,CAUCA,LA SIERRA,3
28/7/2021 0:00:00,CAUCA,MERCADERES,3
28/7/2021 0:00:00,CAUCA,MIRANDA,2
28/7/2021 0:00:00,CAUCA,PAEZ,5
28/7/2021 0:00:00,CAUCA,PATIA (EL BORDO),14
28/7/2021 0:00:00,CAUCA,PIENDAMO,15
28/7/2021 0:00:00,CAUCA,POPAYAN,139
28/7/2021 0:00:00,CAUCA,PUERTO TEJADA,10
28/7/2021 0:00:00,CAUCA,PURACE,1
28/7/2021 0:00:00,CAUCA,SANTANDER DE QUILICHAO,88
28/7/2021 0:00:00,CAUCA,SILVIA,3
28/7/2021 0:00:00,CAUCA,SOTARA,1
28/7/2021 0:00:00,CAUCA,SUCRE,5
28/7/2021 0:00:00,CAUCA,TIMBIO,17
28/7/2021 0:00:00,CAUCA,TOTORO,1
28/7/2021 0:00:00,CAUCA,VILLARICA,1
28/7/2021 0:00:00,CESAR,AGUACHICA,9
28/7/2021 0:00:00,CESAR,AGUSTIN CODAZZI,21
28/7/2021 0:00:00,CESAR,ASTREA,4
28/7/2021 0:00:00,CESAR,BECERRIL,1
28/7/2021 0:00:00,CESAR,BOSCONIA,4
28/7/2021 0:00:00,CESAR,CHIMICHAGUA,2
28/7/2021 0:00:00,CESAR,CHIRIGUANA,3
28/7/2021 0:00:00,CESAR,CURUMANI,4
28/7/2021 0:00:00,CESAR,EL COPEY,2
28/7/2021 0:00:00,CESAR,EL PASO,4
28/7/2021 0:00:00,CESAR,GAMARRA,1
28/7/2021 0:00:00,CESAR,GONZALEZ,2
28/7/2021 0:00:00,CESAR,MANAURE BALCON DEL CESAR,1
28/7/2021 0:00:00,CESAR,PAILITAS,3
28/7/2021 0:00:00,CESAR,ROBLES (LA PAZ),4
28/7/2021 0:00:00,CESAR,SAN ALBERTO,1
28/7/2021 0:00:00,CESAR,VALLEDUPAR,124
28/7/2021 0:00:00,CHOCO,BAHIA SOLANO (MUTIS),1
28/7/2021 0:00:00,CHOCO,CERTEGUI,1
28/7/2021 0:00:00,CHOCO,CONDOTO,1
28/7/2021 0:00:00,CHOCO,EL CARMEN DE ATRATO,8
28/7/2021 0:00:00,CHOCO,NOVITA,1
28/7/2021 0:00:00,CHOCO,QUIBDO,18
28/7/2021 0:00:00,CORDOBA,AYAPEL,2
28/7/2021 0:00:00,CORDOBA,BUENAVISTA,12
28/7/2021 0:00:00,CORDOBA,CERETE,36
28/7/2021 0:00:00,CORDOBA,CHIMA,3
28/7/2021 0:00:00,CORDOBA,CHINU,10
28/7/2021 0:00:00,CORDOBA,CIENAGA DE ORO,25
28/7/2021 0:00:00,CORDOBA,COTORRA,18
28/7/2021 0:00:00,CORDOBA,LORICA,25
28/7/2021 0:00:00,CORDOBA,LOS CORDOBAS,11
28/7/2021 0:00:00,CORDOBA,MOMIL,13
28/7/2021 0:00:00,CORDOBA,MONTELIBANO,6
28/7/2021 0:00:00,CORDOBA,MONTERIA,147
28/7/2021 0:00:00,CORDOBA,PLANETA RICA,8
28/7/2021 0:00:00,CORDOBA,PUEBLO NUEVO,17
28/7/2021 0:00:00,CORDOBA,PUERTO LIBERTADOR,2
28/7/2021 0:00:00,CORDOBA,PURISIMA,3
28/7/2021 0:00:00,CORDOBA,SAHAGUN,30
28/7/2021 0:00:00,CORDOBA,SAN ANDRES SOTAVENTO,1
28/7/2021 0:00:00,CORDOBA,SAN ANTERO,3
28/7/2021 0:00:00,CORDOBA,SAN BERNARDO DEL VIENTO,2
28/7/2021 0:00:00,CORDOBA,SAN CARLOS,11
28/7/2021 0:00:00,CORDOBA,SAN PELAYO,17
28/7/2021 0:00:00,CORDOBA,TIERRALTA,7
28/7/2021 0:00:00,CORDOBA,VALENCIA,10
28/7/2021 0:00:00,CUNDINAMARCA,ANAPOIMA,2
28/7/2021 0:00:00,CUNDINAMARCA,ANOLAIMA,9
28/7/2021 0:00:00,CUNDINAMARCA,ARBELAEZ,2
28/7/2021 0:00:00,CUNDINAMARCA,BOJACA,1
28/7/2021 0:00:00,CUNDINAMARCA,CAJICA,23
28/7/2021 0:00:00,CUNDINAMARCA,CAPARRAPI,1
28/7/2021 0:00:00,CUNDINAMARCA,CAQUEZA,1
28/7/2021 0:00:00,CUNDINAMARCA,CHIA,54
28/7/2021 0:00:00,CUNDINAMARCA,CHIPAQUE,1
28/7/2021 0:00:00,CUNDINAMARCA,CHOACHI,3
28/7/2021 0:00:00,CUNDINAMARCA,CHOCONTA,1
28/7/2021 0:00:00,CUNDINAMARCA,COGUA,3
28/7/2021 0:00:00,CUNDINAMARCA,COTA,2
28/7/2021 0:00:00,CUNDINAMARCA,EL COLEGIO,5
28/7/2021 0:00:00,CUNDINAMARCA,EL ROSAL,1
28/7/2021 0:00:00,CUNDINAMARCA,FACATATIVA,20
28/7/2021 0:00:00,CUNDINAMARCA,FOMEQUE,2
28/7/2021 0:00:00,CUNDINAMARCA,FUNZA,8
28/7/2021 0:00:00,CUNDINAMARCA,FUSAGASUGA,13
28/7/2021 0:00:00,CUNDINAMARCA,GACHANCIPA,2
28/7/2021 0:00:00,CUNDINAMARCA,GACHETA,1
28/7/2021 0:00:00,CUNDINAMARCA,GIRARDOT,22
28/7/2021 0:00:00,CUNDINAMARCA,GRANADA,1
28/7/2021 0:00:00,CUNDINAMARCA,GUADUAS,1
28/7/2021 0:00:00,CUNDINAMARCA,GUASCA,4
28/7/2021 0:00:00,CUNDINAMARCA,LA CALERA,1
28/7/2021 0:00:00,CUNDINAMARCA,LA MESA,2
28/7/2021 0:00:00,CUNDINAMARCA,LA VEGA,2
28/7/2021 0:00:00,CUNDINAMARCA,MACHETA,1
28/7/2021 0:00:00,CUNDINAMARCA,MADRID,15
28/7/2021 0:00:00,CUNDINAMARCA,MANTA,2
28/7/2021 0:00:00,CUNDINAMARCA,MEDINA,1
28/7/2021 0:00:00,CUNDINAMARCA,MOSQUERA,8
28/7/2021 0:00:00,CUNDINAMARCA,NEMOCON,2
28/7/2021 0:00:00,CUNDINAMARCA,PACHO,1
28/7/2021 0:00:00,CUNDINAMARCA,PANDI,1
28/7/2021 0:00:00,CUNDINAMARCA,PARATEBUENO,2
28/7/2021 0:00:00,CUNDINAMARCA,RAFAEL REYES (APULO),1
28/7/2021 0:00:00,CUNDINAMARCA,RICAURTE,2
28/7/2021 0:00:00,CUNDINAMARCA,SASAIMA,2
28/7/2021 0:00:00,CUNDINAMARCA,SESQUILE,1
28/7/2021 0:00:00,CUNDINAMARCA,SIBATE,1
28/7/2021 0:00:00,CUNDINAMARCA,SOACHA,79
28/7/2021 0:00:00,CUNDINAMARCA,SOPO,8
28/7/2021 0:00:00,CUNDINAMARCA,SUBACHOQUE,9
28/7/2021 0:00:00,CUNDINAMARCA,SUESCA,2
28/7/2021 0:00:00,CUNDINAMARCA,SUTATAUSA,1
28/7/2021 0:00:00,CUNDINAMARCA,TABIO,6
28/7/2021 0:00:00,CUNDINAMARCA,TAUSA,1
28/7/2021 0:00:00,CUNDINAMARCA,TENJO,4
28/7/2021 0:00:00,CUNDINAMARCA,TOCANCIPA,6
28/7/2021 0:00:00,CUNDINAMARCA,UBALA,1
28/7/2021 0:00:00,CUNDINAMARCA,UBATE,1
28/7/2021 0:00:00,CUNDINAMARCA,VILLAPINZON,1
28/7/2021 0:00:00,CUNDINAMARCA,VILLETA,5
28/7/2021 0:00:00,CUNDINAMARCA,ZIPAQUIRA,56
28/7/2021 0:00:00,GUAINIA,PUERTO INIRIDA,4
28/7/2021 0:00:00,GUAJIRA,BARRANCAS,5
28/7/2021 0:00:00,GUAJIRA,FONSECA,3
28/7/2021 0:00:00,GUAJIRA,MAICAO,7
28/7/2021 0:00:00,GUAJIRA,RIOHACHA,9
28/7/2021 0:00:00,GUAJIRA,SAN JUAN DEL CESAR,5
28/7/2021 0:00:00,GUAJIRA,URIBIA,2
28/7/2021 0:00:00,GUAJIRA,VILLANUEVA,1
28/7/2021 0:00:00,GUAVIARE,CALAMAR,1
28/7/2021 0:00:00,GUAVIARE,EL RETORNO,1
28/7/2021 0:00:00,GUAVIARE,SAN JOSE DEL GUAVIARE,17
28/7/2021 0:00:00,HUILA,ACEVEDO,2
28/7/2021 0:00:00,HUILA,CAMPOALEGRE,1
28/7/2021 0:00:00,HUILA,GARZON,11
28/7/2021 0:00:00,HUILA,GIGANTE,2
28/7/2021 0:00:00,HUILA,ISNOS (SAN JOSE DE ISNOS),3
28/7/2021 0:00:00,HUILA,LA PLATA,6
28/7/2021 0:00:00,HUILA,NATAGA,2
28/7/2021 0:00:00,HUILA,NEIVA,79
28/7/2021 0:00:00,HUILA,PAICOL,2
28/7/2021 0:00:00,HUILA,PALERMO,1
28/7/2021 0:00:00,HUILA,PITAL,1
28/7/2021 0:00:00,HUILA,PITALITO,24
28/7/2021 0:00:00,HUILA,RIVERA,1
28/7/2021 0:00:00,HUILA,SALADOBLANCO,1
28/7/2021 0:00:00,HUILA,SAN AGUSTIN,1
28/7/2021 0:00:00,HUILA,SUAZA,4
28/7/2021 0:00:00,HUILA,TARQUI,1
28/7/2021 0:00:00,HUILA,TERUEL,2
28/7/2021 0:00:00,MAGDALENA,ARIGUANI (EL DIFICIL),31
28/7/2021 0:00:00,MAGDALENA,CHIVOLO,2
28/7/2021 0:00:00,MAGDALENA,CIENAGA,5
28/7/2021 0:00:00,MAGDALENA,CONCORDIA,18
28/7/2021 0:00:00,MAGDALENA,EL BANCO,2
28/7/2021 0:00:00,MAGDALENA,EL RETEN,1
28/7/2021 0:00:00,MAGDALENA,FUNDACION,4
28/7/2021 0:00:00,MAGDALENA,GUAMAL,6
28/7/2021 0:00:00,MAGDALENA,NUEVA GRANADA,7
28/7/2021 0:00:00,MAGDALENA,PEDRAZA,1
28/7/2021 0:00:00,MAGDALENA,PIJIÑO DEL CARMEN (PIJIÑO),3
28/7/2021 0:00:00,MAGDALENA,PLATO,7
28/7/2021 0:00:00,MAGDALENA,SABANAS DE SAN ANGEL,13
28/7/2021 0:00:00,MAGDALENA,SALAMINA,1
28/7/2021 0:00:00,MAGDALENA,SAN SEBASTIAN DE BUENAVISTA,1
28/7/2021 0:00:00,MAGDALENA,SITIO NUEVO,1
28/7/2021 0:00:00,MAGDALENA,TENERIFE,2
28/7/2021 0:00:00,MAGDALENA,ZONA BANANERA,1
28/7/2021 0:00:00,META,ACACIAS,20
28/7/2021 0:00:00,META,BARRANCA DE UPIA,4
28/7/2021 0:00:00,META,CABUYARO,2
28/7/2021 0:00:00,META,CUMARAL,1
28/7/2021 0:00:00,META,FUENTE DE ORO,4
28/7/2021 0:00:00,META,GRANADA,17
28/7/2021 0:00:00,META,LA URIBE,1
28/7/2021 0:00:00,META,PUERTO GAITAN,35
28/7/2021 0:00:00,META,PUERTO LOPEZ,4
28/7/2021 0:00:00,META,RESTREPO,1
28/7/2021 0:00:00,META,SAN CARLOS DE GUAROA,2
28/7/2021 0:00:00,META,SAN MARTIN,3
28/7/2021 0:00:00,META,VILLAVICENCIO,104
28/7/2021 0:00:00,META,VISTAHERMOSA,1
28/7/2021 0:00:00,NARIÑO,ALDANA,1
28/7/2021 0:00:00,NARIÑO,BUESACO,10
28/7/2021 0:00:00,NARIÑO,CONSACA,1
28/7/2021 0:00:00,NARIÑO,CUASPUD (CARLOSAMA),1
28/7/2021 0:00:00,NARIÑO,CUMBAL,2
28/7/2021 0:00:00,NARIÑO,EL CHARCO,1
28/7/2021 0:00:00,NARIÑO,EL ROSARIO,1
28/7/2021 0:00:00,NARIÑO,GUACHUCAL,6
28/7/2021 0:00:00,NARIÑO,IPIALES,10
28/7/2021 0:00:00,NARIÑO,LA CRUZ,1
28/7/2021 0:00:00,NARIÑO,LA UNION,5
28/7/2021 0:00:00,NARIÑO,LEIVA,8
28/7/2021 0:00:00,NARIÑO,MOSQUERA,1
28/7/2021 0:00:00,NARIÑO,PASTO,110
28/7/2021 0:00:00,NARIÑO,POLICARPA,1
28/7/2021 0:00:00,NARIÑO,PUPIALES,5
28/7/2021 0:00:00,NARIÑO,SAMANIEGO,3
28/7/2021 0:00:00,NARIÑO,SAN BERNARDO,1
28/7/2021 0:00:00,NARIÑO,SAN LORENZO,3
28/7/2021 0:00:00,NARIÑO,SAN PABLO,7
28/7/2021 0:00:00,NARIÑO,TAMINANGO,2
28/7/2021 0:00:00,NARIÑO,TANGUA,1
28/7/2021 0:00:00,NARIÑO,TUMACO,1
28/7/2021 0:00:00,NARIÑO,TUQUERRES,1
28/7/2021 0:00:00,NORTE SANTANDER,BOCHALEMA,5
28/7/2021 0:00:00,NORTE SANTANDER,CHINACOTA,4
28/7/2021 0:00:00,NORTE SANTANDER,CHITAGA,1
28/7/2021 0:00:00,NORTE SANTANDER,CUCUTA,102
28/7/2021 0:00:00,NORTE SANTANDER,CUCUTILLA,1
28/7/2021 0:00:00,NORTE SANTANDER,DURANIA,1
28/7/2021 0:00:00,NORTE SANTANDER,LA ESPERANZA,1
28/7/2021 0:00:00,NORTE SANTANDER,LOS PATIOS,6
28/7/2021 0:00:00,NORTE SANTANDER,OCAÑA,13
28/7/2021 0:00:00,NORTE SANTANDER,PAMPLONA,5
28/7/2021 0:00:00,NORTE SANTANDER,PAMPLONITA,2
28/7/2021 0:00:00,NORTE SANTANDER,PUERTO SANTANDER,3
28/7/2021 0:00:00,NORTE SANTANDER,SALAZAR,1
28/7/2021 0:00:00,NORTE SANTANDER,SAN CAYETANO,2
28/7/2021 0:00:00,NORTE SANTANDER,SARDINATA,2
28/7/2021 0:00:00,NORTE SANTANDER,TIBU,6
28/7/2021 0:00:00,NORTE SANTANDER,TOLEDO,1
28/7/2021 0:00:00,NORTE SANTANDER,VILLA CARO,1
28/7/2021 0:00:00,NORTE SANTANDER,VILLA DEL ROSARIO,9
28/7/2021 0:00:00,PUTUMAYO,COLON,1
28/7/2021 0:00:00,PUTUMAYO,MOCOA,15
28/7/2021 0:00:00,PUTUMAYO,ORITO,5
28/7/2021 0:00:00,PUTUMAYO,PUERTO ASIS,9
28/7/2021 0:00:00,PUTUMAYO,PUERTO CAICEDO,5
28/7/2021 0:00:00,PUTUMAYO,PUERTO GUZMAN,2
28/7/2021 0:00:00,PUTUMAYO,PUERTO LEGUIZAMO,1
28/7/2021 0:00:00,PUTUMAYO,SAN MIGUEL (LA DORADA),1
28/7/2021 0:00:00,PUTUMAYO,SIBUNDOY,14
28/7/2021 0:00:00,PUTUMAYO,VALLE DEL GUAMUEZ,1
28/7/2021 0:00:00,PUTUMAYO,VILLAGARZON,7
28/7/2021 0:00:00,QUINDIO,ARMENIA,95
28/7/2021 0:00:00,QUINDIO,BUENAVISTA,2
28/7/2021 0:00:00,QUINDIO,CALARCA,7
28/7/2021 0:00:00,QUINDIO,CIRCASIA,4
28/7/2021 0:00:00,QUINDIO,FILANDIA,3
28/7/2021 0:00:00,QUINDIO,LA TEBAIDA,4
28/7/2021 0:00:00,QUINDIO,MONTENEGRO,9
28/7/2021 0:00:00,QUINDIO,QUIMBAYA,2
28/7/2021 0:00:00,RISARALDA,APIA,2
28/7/2021 0:00:00,RISARALDA,BELEN DE UMBRIA,6
28/7/2021 0:00:00,RISARALDA,DOSQUEBRADAS,33
28/7/2021 0:00:00,RISARALDA,LA VIRGINIA,5
28/7/2021 0:00:00,RISARALDA,MISTRATO,3
28/7/2021 0:00:00,RISARALDA,PEREIRA,95
28/7/2021 0:00:00,RISARALDA,SANTA ROSA DE CABAL,7
28/7/2021 0:00:00,SAN ANDRES,SAN ANDRES,7
28/7/2021 0:00:00,SANTANDER,AGUADA,1
28/7/2021 0:00:00,SANTANDER,BARBOSA,7
28/7/2021 0:00:00,SANTANDER,BARICHARA,7
28/7/2021 0:00:00,SANTANDER,BARRANCABERMEJA,121
28/7/2021 0:00:00,SANTANDER,BOLIVAR,1
28/7/2021 0:00:00,SANTANDER,BUCARAMANGA,304
28/7/2021 0:00:00,SANTANDER,CAPITANEJO,3
28/7/2021 0:00:00,SANTANDER,CERRITO,2
28/7/2021 0:00:00,SANTANDER,CIMITARRA,3
28/7/2021 0:00:00,SANTANDER,CONFINES,1
28/7/2021 0:00:00,SANTANDER,CURITI,3
28/7/2021 0:00:00,SANTANDER,EL CARMEN DE CHUCURI,1
28/7/2021 0:00:00,SANTANDER,EL PEÑON,1
28/7/2021 0:00:00,SANTANDER,ENCINO,1
28/7/2021 0:00:00,SANTANDER,ENCISO,1
28/7/2021 0:00:00,SANTANDER,FLORIDABLANCA,56
28/7/2021 0:00:00,SANTANDER,GIRON,25
28/7/2021 0:00:00,SANTANDER,GUACA,4
28/7/2021 0:00:00,SANTANDER,GUADALUPE,1
28/7/2021 0:00:00,SANTANDER,LA BELLEZA,2
28/7/2021 0:00:00,SANTANDER,LA PAZ,7
28/7/2021 0:00:00,SANTANDER,LANDAZURI,1
28/7/2021 0:00:00,SANTANDER,LEBRIJA,3
28/7/2021 0:00:00,SANTANDER,MALAGA,10
28/7/2021 0:00:00,SANTANDER,MATANZA,1
28/7/2021 0:00:00,SANTANDER,OCAMONTE,1
28/7/2021 0:00:00,SANTANDER,OIBA,1
28/7/2021 0:00:00,SANTANDER,PIEDECUESTA,36
28/7/2021 0:00:00,SANTANDER,PUENTE NACIONAL,2
28/7/2021 0:00:00,SANTANDER,PUERTO PARRA,1
28/7/2021 0:00:00,SANTANDER,PUERTO WILCHES,2
28/7/2021 0:00:00,SANTANDER,RIONEGRO,2
28/7/2021 0:00:00,SANTANDER,SABANA DE TORRES,13
28/7/2021 0:00:00,SANTANDER,SAN GIL,24
28/7/2021 0:00:00,SANTANDER,SAN MIGUEL,2
28/7/2021 0:00:00,SANTANDER,SAN VICENTE DE CHUCURI,3
28/7/2021 0:00:00,SANTANDER,SANTA HELENA DEL OPON,5
28/7/2021 0:00:00,SANTANDER,SOCORRO,2
28/7/2021 0:00:00,SANTANDER,SUAITA,2
28/7/2021 0:00:00,SANTANDER,SURATA,2
28/7/2021 0:00:00,SANTANDER,VELEZ,2
28/7/2021 0:00:00,SANTANDER,VILLANUEVA,3
28/7/2021 0:00:00,SANTANDER,ZAPATOCA,1
28/7/2021 0:00:00,STA MARTA D.E.,SANTA MARTA,89
28/7/2021 0:00:00,SUCRE,CAIMITO,1
28/7/2021 0:00:00,SUCRE,CHALAN,2
28/7/2021 0:00:00,SUCRE,COLOSO (RICAURTE),5
28/7/2021 0:00:00,SUCRE,COROZAL,7
28/7/2021 0:00:00,SUCRE,COVEÑAS,1
28/7/2021 0:00:00,SUCRE,GALERAS (NUEVA GRANADA),2
28/7/2021 0:00:00,SUCRE,LA UNION,1
28/7/2021 0:00:00,SUCRE,MAJAGUAL,1
28/7/2021 0:00:00,SUCRE,MORROA,3
28/7/2021 0:00:00,SUCRE,OVEJAS,1
28/7/2021 0:00:00,SUCRE,SAMPUES,2
28/7/2021 0:00:00,SUCRE,SAN JUAN DE BETULIA,2
28/7/2021 0:00:00,SUCRE,SAN MARCOS,4
28/7/2021 0:00:00,SUCRE,SAN ONOFRE,1
28/7/2021 0:00:00,SUCRE,SAN PEDRO,3
28/7/2021 0:00:00,SUCRE,SINCE,2
28/7/2021 0:00:00,SUCRE,SINCELEJO,70
28/7/2021 0:00:00,SUCRE,SUCRE,1
28/7/2021 0:00:00,SUCRE,TOLU,3
28/7/2021 0:00:00,SUCRE,TOLUVIEJO,5
28/7/2021 0:00:00,TOLIMA,ALVARADO,2
28/7/2021 0:00:00,TOLIMA,ARMERO (GUAYABAL),3
28/7/2021 0:00:00,TOLIMA,CHAPARRAL,3
28/7/2021 0:00:00,TOLIMA,CUNDAY,1
28/7/2021 0:00:00,TOLIMA,ESPINAL,9
28/7/2021 0:00:00,TOLIMA,FALAN,1
28/7/2021 0:00:00,TOLIMA,FRESNO,4
28/7/2021 0:00:00,TOLIMA,HONDA,1
28/7/2021 0:00:00,TOLIMA,IBAGUE,116
28/7/2021 0:00:00,TOLIMA,LERIDA,2
28/7/2021 0:00:00,TOLIMA,LIBANO,9
28/7/2021 0:00:00,TOLIMA,MARIQUITA,3
28/7/2021 0:00:00,TOLIMA,MELGAR,4
28/7/2021 0:00:00,TOLIMA,PLANADAS,2
28/7/2021 0:00:00,TOLIMA,SAN ANTONIO,1
28/7/2021 0:00:00,VALLE,ALCALA,2
28/7/2021 0:00:00,VALLE,ANDALUCIA,5
28/7/2021 0:00:00,VALLE,ARGELIA,1
28/7/2021 0:00:00,VALLE,BUENAVENTURA,4
28/7/2021 0:00:00,VALLE,BUGA,71
28/7/2021 0:00:00,VALLE,BUGALAGRANDE,3
28/7/2021 0:00:00,VALLE,CALI,645
28/7/2021 0:00:00,VALLE,CANDELARIA,4
28/7/2021 0:00:00,VALLE,CARTAGO,13
28/7/2021 0:00:00,VALLE,DARIEN,1
28/7/2021 0:00:00,VALLE,EL AGUILA,1
28/7/2021 0:00:00,VALLE,EL CERRITO,9
28/7/2021 0:00:00,VALLE,EL DOVIO,3
28/7/2021 0:00:00,VALLE,FLORIDA,2
28/7/2021 0:00:00,VALLE,GINEBRA,3
28/7/2021 0:00:00,VALLE,GUACARI,7
28/7/2021 0:00:00,VALLE,JAMUNDI,24
28/7/2021 0:00:00,VALLE,LA UNION,4
28/7/2021 0:00:00,VALLE,OBANDO,2
28/7/2021 0:00:00,VALLE,PALMIRA,63
28/7/2021 0:00:00,VALLE,PRADERA,1
28/7/2021 0:00:00,VALLE,RESTREPO,1
28/7/2021 0:00:00,VALLE,RIOFRIO,1
28/7/2021 0:00:00,VALLE,ROLDANILLO,3
28/7/2021 0:00:00,VALLE,SEVILLA,13
28/7/2021 0:00:00,VALLE,TORO,1
28/7/2021 0:00:00,VALLE,TULUA,45
28/7/2021 0:00:00,VALLE,VIJES,2
28/7/2021 0:00:00,VALLE,YOTOCO,4
28/7/2021 0:00:00,VALLE,YUMBO,14
28/7/2021 0:00:00,VALLE,ZARZAL,8
28/7/2021 0:00:00,VICHADA,PUERTO CARREÑO,26
